country,images_file,image_url,alpha-2,alpha-3,country-code,iso_3166-2,region,sub-region,intermediate-region,region-code,sub-region-code,intermediate-region-code
Afghanistan,Flag_of_Afghanistan.svg,https://www.worldometers.info//img/flags/small/tn_af-flag.gif,AF,AFG,4,ISO 3166-2:AF,Asia,Southern Asia,,142,34,
Albania,Flag_of_Albania.svg,https://www.worldometers.info//img/flags/small/tn_al-flag.gif,AL,ALB,8,ISO 3166-2:AL,Europe,Southern Europe,,150,39,
Algeria,Flag_of_Algeria.svg,https://www.worldometers.info//img/flags/small/tn_ag-flag.gif,DZ,DZA,12,ISO 3166-2:DZ,Africa,Northern Africa,,2,15,
Andorra,Flag_of_Andorra.svg,https://www.worldometers.info//img/flags/small/tn_an-flag.gif,AD,AND,20,ISO 3166-2:AD,Europe,Southern Europe,,150,39,
Angola,Flag_of_Angola.svg,https://www.worldometers.info//img/flags/small/tn_ao-flag.gif,AO,AGO,24,ISO 3166-2:AO,Africa,Sub-Saharan Africa,Middle Africa,2,202,17
Antigua and Barbuda,Flag_of_Antigua_and_Barbuda.svg,https://www.worldometers.info//img/flags/small/tn_ac-flag.gif,AG,ATG,28,ISO 3166-2:AG,Americas,Latin America and the Caribbean,Caribbean,19,419,29
Argentina,Flag_of_Argentina.svg,https://www.worldometers.info//img/flags/small/tn_ar-flag.gif,AR,ARG,32,ISO 3166-2:AR,Americas,Latin America and the Caribbean,South America,19,419,5
Armenia,Flag_of_Armenia.svg,https://www.worldometers.info//img/flags/small/tn_am-flag.gif,AM,ARM,51,ISO 3166-2:AM,Asia,Western Asia,,142,145,
Australia,Flag_of_Australia_%28converted%29.svg,https://www.worldometers.info//img/flags/small/tn_as-flag.gif,AU,AUS,36,ISO 3166-2:AU,Oceania,Australia and New Zealand,,9,53,
Austria,Flag_of_Austria.svg,https://www.worldometers.info//img/flags/small/tn_au-flag.gif,AT,AUT,40,ISO 3166-2:AT,Europe,Western Europe,,150,155,
Azerbaijan,Flag_of_Azerbaijan.svg,https://www.worldometers.info//img/flags/small/tn_aj-flag.gif,AZ,AZE,31,ISO 3166-2:AZ,Asia,Western Asia,,142,145,
Bahamas,Flag_of_the_Bahamas.svg,https://www.worldometers.info//img/flags/small/tn_bf-flag.gif,BS,BHS,44,ISO 3166-2:BS,Americas,Latin America and the Caribbean,Caribbean,19,419,29
Bahrain,Flag_of_Bahrain.svg,https://www.worldometers.info//img/flags/small/tn_ba-flag.gif,BH,BHR,48,ISO 3166-2:BH,Asia,Western Asia,,142,145,
Bangladesh,Flag_of_Bangladesh.svg,https://www.worldometers.info//img/flags/small/tn_bg-flag.gif,BD,BGD,50,ISO 3166-2:BD,Asia,Southern Asia,,142,34,
Barbados,Flag_of_Barbados.svg,https://www.worldometers.info//img/flags/small/tn_bb-flag.gif,BB,BRB,52,ISO 3166-2:BB,Americas,Latin America and the Caribbean,Caribbean,19,419,29
Belarus,Flag_of_Belarus.svg,https://www.worldometers.info//img/flags/small/tn_bo-flag.gif,BY,BLR,112,ISO 3166-2:BY,Europe,Eastern Europe,,150,151,
Belgium,Flag_of_Belgium_%28civil%29.svg,https://www.worldometers.info//img/flags/small/tn_be-flag.gif,BE,BEL,56,ISO 3166-2:BE,Europe,Western Europe,,150,155,
Belize,Flag_of_Belize.svg,https://www.worldometers.info//img/flags/small/tn_bh-flag.gif,BZ,BLZ,84,ISO 3166-2:BZ,Americas,Latin America and the Caribbean,Central America,19,419,13
Benin,Flag_of_Benin.svg,https://www.worldometers.info//img/flags/small/tn_bn-flag.gif,BJ,BEN,204,ISO 3166-2:BJ,Africa,Sub-Saharan Africa,Western Africa,2,202,11
Bhutan,Flag_of_Bhutan.svg,https://www.worldometers.info//img/flags/small/tn_bt-flag.gif,BT,BTN,64,ISO 3166-2:BT,Asia,Southern Asia,,142,34,
Bolivia,Flag_of_Bolivia.svg,https://www.worldometers.info//img/flags/small/tn_bl-flag.gif,BO,BOL,68,ISO 3166-2:BO,Americas,Latin America and the Caribbean,South America,19,419,5
Bosnia and Herzegovina,Flag_of_Bosnia_and_Herzegovina.svg,https://www.worldometers.info//img/flags/small/tn_bk-flag.gif,,,,,,,,,,
Botswana,Flag_of_Botswana.svg,https://www.worldometers.info//img/flags/small/tn_bc-flag.gif,BW,BWA,72,ISO 3166-2:BW,Africa,Sub-Saharan Africa,Southern Africa,2,202,18
Brazil,Flag_of_Brazil.svg,https://www.worldometers.info//img/flags/small/tn_br-flag.gif,BR,BRA,76,ISO 3166-2:BR,Americas,Latin America and the Caribbean,South America,19,419,5
Brunei,Flag_of_Brunei.svg,https://www.worldometers.info//img/flags/small/tn_bx-flag.gif,,,,,,,,,,
Bulgaria,Flag_of_Bulgaria.svg,https://www.worldometers.info//img/flags/small/tn_bu-flag.gif,BG,BGR,100,ISO 3166-2:BG,Europe,Eastern Europe,,150,151,
Burkina Faso,Flag_of_Burkina_Faso.svg,https://www.worldometers.info//img/flags/small/tn_uv-flag.gif,BF,BFA,854,ISO 3166-2:BF,Africa,Sub-Saharan Africa,Western Africa,2,202,11
Burundi,Flag_of_Burundi.svg,https://www.worldometers.info//img/flags/small/tn_by-flag.gif,BI,BDI,108,ISO 3166-2:BI,Africa,Sub-Saharan Africa,Eastern Africa,2,202,14
Cambodia,Flag_of_Cambodia.svg,https://www.worldometers.info//img/flags/small/tn_cv-flag.gif,KH,KHM,116,ISO 3166-2:KH,Asia,South-eastern Asia,,142,35,
Cameroon,Flag_of_Cameroon.svg,https://www.worldometers.info//img/flags/small/tn_cb-flag.gif,CM,CMR,120,ISO 3166-2:CM,Africa,Sub-Saharan Africa,Middle Africa,2,202,17
Canada,Flag_of_Canada.svg,https://www.worldometers.info//img/flags/small/tn_cm-flag.gif,CA,CAN,124,ISO 3166-2:CA,Americas,Northern America,,19,21,
Cape Verde,Flag_of_Cape_Verde.svg,https://www.worldometers.info//img/flags/small/tn_ca-flag.gif,,,,,,,,,,
Central African Republic,Flag_of_the_Central_African_Republic.svg,https://www.worldometers.info//img/flags/small/tn_ct-flag.gif,CF,CAF,140,ISO 3166-2:CF,Africa,Sub-Saharan Africa,Middle Africa,2,202,17
Chad,Flag_of_Chad.svg,https://www.worldometers.info//img/flags/small/tn_cd-flag.gif,TD,TCD,148,ISO 3166-2:TD,Africa,Sub-Saharan Africa,Middle Africa,2,202,17
Chile,Flag_of_Chile.svg,https://www.worldometers.info//img/flags/small/tn_ci-flag.gif,CL,CHL,152,ISO 3166-2:CL,Americas,Latin America and the Caribbean,South America,19,419,5
China,Flag_of_the_People%27s_Republic_of_China.svg,https://www.worldometers.info//img/flags/small/tn_ch-flag.gif,CN,CHN,156,ISO 3166-2:CN,Asia,Eastern Asia,,142,30,
Colombia,Flag_of_Colombia.svg,https://www.worldometers.info//img/flags/small/tn_co-flag.gif,CO,COL,170,ISO 3166-2:CO,Americas,Latin America and the Caribbean,South America,19,419,5
Comoros,Flag_of_the_Comoros.svg,https://www.worldometers.info//img/flags/small/tn_cn-flag.gif,KM,COM,174,ISO 3166-2:KM,Africa,Sub-Saharan Africa,Eastern Africa,2,202,14
Democratic Republic of Congo,Flag_of_the_Democratic_Republic_of_the_Congo.svg,https://www.worldometers.info//img/flags/small/tn_congo-flag.gif,,,,,,,,,,
Republic of Congo,Flag_of_the_Republic_of_the_Congo.svg,https://www.worldometers.info//img/flags/small/tn_cg-flag.gif,,,,,,,,,,
Costa Rica,Flag_of_Costa_Rica.svg,https://www.worldometers.info//img/flags/small/tn_cs-flag.gif,CR,CRI,188,ISO 3166-2:CR,Americas,Latin America and the Caribbean,Central America,19,419,13
Croatia,Flag_of_Croatia.svg,https://www.worldometers.info//img/flags/small/tn_iv-flag.gif,HR,HRV,191,ISO 3166-2:HR,Europe,Southern Europe,,150,39,
Cuba,Flag_of_Cuba.svg,https://www.worldometers.info//img/flags/small/tn_hr-flag.gif,CU,CUB,192,ISO 3166-2:CU,Americas,Latin America and the Caribbean,Caribbean,19,419,29
Cyprus,Flag_of_Cyprus.svg,https://www.worldometers.info//img/flags/small/tn_cu-flag.gif,CY,CYP,196,ISO 3166-2:CY,Asia,Western Asia,,142,145,
Czech Republic,Flag_of_the_Czech_Republic.svg,https://www.worldometers.info//img/flags/small/tn_cy-flag.gif,CZ,CZE,203,ISO 3166-2:CZ,Europe,Eastern Europe,,150,151,
Denmark,Flag_of_Denmark.svg,https://www.worldometers.info//img/flags/small/tn_ez-flag.gif,DK,DNK,208,ISO 3166-2:DK,Europe,Northern Europe,,150,154,
Djibouti,Flag_of_Djibouti.svg,https://www.worldometers.info//img/flags/small/tn_da-flag.gif,DJ,DJI,262,ISO 3166-2:DJ,Africa,Sub-Saharan Africa,Eastern Africa,2,202,14
Dominica,Flag_of_Dominica.svg,https://www.worldometers.info//img/flags/small/tn_dj-flag.gif,DM,DMA,212,ISO 3166-2:DM,Americas,Latin America and the Caribbean,Caribbean,19,419,29
Dominican Republic,Flag_of_the_Dominican_Republic.svg,https://www.worldometers.info//img/flags/small/tn_do-flag.gif,DO,DOM,214,ISO 3166-2:DO,Americas,Latin America and the Caribbean,Caribbean,19,419,29
East Timor,Flag_of_East_Timor.svg,https://www.worldometers.info//img/flags/small/tn_dr-flag.gif,,,,,,,,,,
Ecuador,Flag_of_Ecuador.svg,https://www.worldometers.info//img/flags/small/tn_ec-flag.gif,EC,ECU,218,ISO 3166-2:EC,Americas,Latin America and the Caribbean,South America,19,419,5
Egypt,Flag_of_Egypt.svg,https://www.worldometers.info//img/flags/small/tn_eg-flag.gif,EG,EGY,818,ISO 3166-2:EG,Africa,Northern Africa,,2,15,
El Salvador,Flag_of_El_Salvador.svg,https://www.worldometers.info//img/flags/small/tn_es-flag.gif,SV,SLV,222,ISO 3166-2:SV,Americas,Latin America and the Caribbean,Central America,19,419,13
Equatorial Guinea,Flag_of_Equatorial_Guinea.svg,https://www.worldometers.info//img/flags/small/tn_ek-flag.gif,GQ,GNQ,226,ISO 3166-2:GQ,Africa,Sub-Saharan Africa,Middle Africa,2,202,17
Eritrea,Flag_of_Eritrea.svg,https://www.worldometers.info//img/flags/small/tn_er-flag.gif,ER,ERI,232,ISO 3166-2:ER,Africa,Sub-Saharan Africa,Eastern Africa,2,202,14
Estonia,Flag_of_Estonia.svg,https://www.worldometers.info//img/flags/small/tn_en-flag.gif,EE,EST,233,ISO 3166-2:EE,Europe,Northern Europe,,150,154,
Ethiopia,Flag_of_Ethiopia.svg,https://www.worldometers.info//img/flags/small/tn_wz-flag.gif,ET,ETH,231,ISO 3166-2:ET,Africa,Sub-Saharan Africa,Eastern Africa,2,202,14
Fiji,Flag_of_Fiji.svg,https://www.worldometers.info//img/flags/small/tn_et-flag.gif,FJ,FJI,242,ISO 3166-2:FJ,Oceania,Melanesia,,9,54,
Finland,Flag_of_Finland.svg,https://www.worldometers.info//img/flags/small/tn_fj-flag.gif,FI,FIN,246,ISO 3166-2:FI,Europe,Northern Europe,,150,154,
France,Flag_of_France.svg,https://www.worldometers.info//img/flags/small/tn_fi-flag.gif,FR,FRA,250,ISO 3166-2:FR,Europe,Western Europe,,150,155,
Gabon,Flag_of_Gabon.svg,https://www.worldometers.info//img/flags/small/tn_fr-flag.gif,GA,GAB,266,ISO 3166-2:GA,Africa,Sub-Saharan Africa,Middle Africa,2,202,17
The Gambia,Flag_of_The_Gambia.svg,https://www.worldometers.info//img/flags/small/tn_gb-flag.gif,,,,,,,,,,
Georgia,Flag_of_Georgia.svg,https://www.worldometers.info//img/flags/small/tn_ga-flag.gif,GE,GEO,268,ISO 3166-2:GE,Asia,Western Asia,,142,145,
Germany,Flag_of_Germany.svg,https://www.worldometers.info//img/flags/small/tn_gg-flag.gif,DE,DEU,276,ISO 3166-2:DE,Europe,Western Europe,,150,155,
Ghana,Flag_of_Ghana.svg,https://www.worldometers.info//img/flags/small/tn_gm-flag.gif,GH,GHA,288,ISO 3166-2:GH,Africa,Sub-Saharan Africa,Western Africa,2,202,11
Greece,Flag_of_Greece.svg,https://www.worldometers.info//img/flags/small/tn_gh-flag.gif,GR,GRC,300,ISO 3166-2:GR,Europe,Southern Europe,,150,39,
Grenada,Flag_of_Grenada.svg,https://www.worldometers.info//img/flags/small/tn_gr-flag.gif,GD,GRD,308,ISO 3166-2:GD,Americas,Latin America and the Caribbean,Caribbean,19,419,29
Guatemala,Flag_of_Guatemala.svg,https://www.worldometers.info//img/flags/small/tn_gj-flag.gif,GT,GTM,320,ISO 3166-2:GT,Americas,Latin America and the Caribbean,Central America,19,419,13
Guinea,Flag_of_Guinea.svg,https://www.worldometers.info//img/flags/small/tn_gt-flag.gif,GN,GIN,324,ISO 3166-2:GN,Africa,Sub-Saharan Africa,Western Africa,2,202,11
Guinea-Bissau,Flag_of_Guinea-Bissau.svg,https://www.worldometers.info//img/flags/small/tn_gv-flag.gif,,,,,,,,,,
Guyana,Flag_of_Guyana.svg,https://www.worldometers.info//img/flags/small/tn_pu-flag.gif,GY,GUY,328,ISO 3166-2:GY,Americas,Latin America and the Caribbean,South America,19,419,5
Haiti,Flag_of_Haiti.svg,https://www.worldometers.info//img/flags/small/tn_gy-flag.gif,HT,HTI,332,ISO 3166-2:HT,Americas,Latin America and the Caribbean,Caribbean,19,419,29
Honduras,Flag_of_Honduras.svg,https://www.worldometers.info//img/flags/small/tn_ha-flag.gif,HN,HND,340,ISO 3166-2:HN,Americas,Latin America and the Caribbean,Central America,19,419,13
Hungary,Flag_of_Hungary.svg,https://www.worldometers.info//img/flags/small/tn_vt-flag.gif,HU,HUN,348,ISO 3166-2:HU,Europe,Eastern Europe,,150,151,
Iceland,Flag_of_Iceland.svg,https://www.worldometers.info//img/flags/small/tn_ho-flag.gif,IS,ISL,352,ISO 3166-2:IS,Europe,Northern Europe,,150,154,
India,Flag_of_India.svg,https://www.worldometers.info//img/flags/small/tn_hu-flag.gif,IN,IND,356,ISO 3166-2:IN,Asia,Southern Asia,,142,34,
Indonesia,Flag_of_Indonesia.svg,https://www.worldometers.info//img/flags/small/tn_ic-flag.gif,ID,IDN,360,ISO 3166-2:ID,Asia,South-eastern Asia,,142,35,
Iran,Flag_of_Iran.svg,https://www.worldometers.info//img/flags/small/tn_in-flag.gif,IR,IRN,364,ISO 3166-2:IR,Asia,Southern Asia,,142,34,
Iraq,Flag_of_Iraq.svg,https://www.worldometers.info//img/flags/small/tn_id-flag.gif,IQ,IRQ,368,ISO 3166-2:IQ,Asia,Western Asia,,142,145,
Ireland,Flag_of_Ireland.svg,https://www.worldometers.info//img/flags/small/tn_ir-flag.gif,IE,IRL,372,ISO 3166-2:IE,Europe,Northern Europe,,150,154,
Israel,Flag_of_Israel.svg,https://www.worldometers.info//img/flags/small/tn_iz-flag.gif,IL,ISR,376,ISO 3166-2:IL,Asia,Western Asia,,142,145,
Italy,Flag_of_Italy.svg,https://www.worldometers.info//img/flags/small/tn_ei-flag.gif,IT,ITA,380,ISO 3166-2:IT,Europe,Southern Europe,,150,39,
Ivory Coast,Flag_of_C%C3%B4te_d%27Ivoire.svg,https://www.worldometers.info//img/flags/small/tn_is-flag.gif,,,,,,,,,,
Jamaica,Flag_of_Jamaica.svg,https://www.worldometers.info//img/flags/small/tn_it-flag.gif,JM,JAM,388,ISO 3166-2:JM,Americas,Latin America and the Caribbean,Caribbean,19,419,29
Japan,Flag_of_Japan.svg,https://www.worldometers.info//img/flags/small/tn_jm-flag.gif,JP,JPN,392,ISO 3166-2:JP,Asia,Eastern Asia,,142,30,
Jordan,Flag_of_Jordan.svg,https://www.worldometers.info//img/flags/small/tn_ja-flag.gif,JO,JOR,400,ISO 3166-2:JO,Asia,Western Asia,,142,145,
Kazakhstan,Flag_of_Kazakhstan.svg,https://www.worldometers.info//img/flags/small/tn_jo-flag.gif,KZ,KAZ,398,ISO 3166-2:KZ,Asia,Central Asia,,142,143,
Kenya,Flag_of_Kenya.svg,https://www.worldometers.info//img/flags/small/tn_kz-flag.gif,KE,KEN,404,ISO 3166-2:KE,Africa,Sub-Saharan Africa,Eastern Africa,2,202,14
Kiribati,Flag_of_Kiribati.svg,https://www.worldometers.info//img/flags/small/tn_ke-flag.gif,KI,KIR,296,ISO 3166-2:KI,Oceania,Micronesia,,9,57,
North Korea,Flag_of_North_Korea.svg,https://www.worldometers.info//img/flags/small/tn_kr-flag.gif,,,,,,,,,,
South Korea,Flag_of_South_Korea.svg,https://www.worldometers.info//img/flags/small/tn_kn-flag.gif,KP,PRK,408,ISO 3166-2:KP,Asia,Eastern Asia,,142,30,
Kuwait,Flag_of_Kuwait.svg,https://www.worldometers.info//img/flags/small/tn_ks-flag.gif,KW,KWT,414,ISO 3166-2:KW,Asia,Western Asia,,142,145,
Kyrgyzstan,Flag_of_Kyrgyzstan.svg,https://www.worldometers.info//img/flags/small/tn_ku-flag.gif,KG,KGZ,417,ISO 3166-2:KG,Asia,Central Asia,,142,143,
Laos,Flag_of_Laos.svg,https://www.worldometers.info//img/flags/small/tn_kg-flag.gif,LA,LAO,418,ISO 3166-2:LA,Asia,South-eastern Asia,,142,35,
Latvia,Flag_of_Latvia.svg,https://www.worldometers.info//img/flags/small/tn_la-flag.gif,LV,LVA,428,ISO 3166-2:LV,Europe,Northern Europe,,150,154,
Lebanon,Flag_of_Lebanon.svg,https://www.worldometers.info//img/flags/small/tn_lg-flag.gif,LB,LBN,422,ISO 3166-2:LB,Asia,Western Asia,,142,145,
Lesotho,Flag_of_Lesotho.svg,https://www.worldometers.info//img/flags/small/tn_le-flag.gif,LS,LSO,426,ISO 3166-2:LS,Africa,Sub-Saharan Africa,Southern Africa,2,202,18
Liberia,Flag_of_Liberia.svg,https://www.worldometers.info//img/flags/small/tn_lt-flag.gif,LR,LBR,430,ISO 3166-2:LR,Africa,Sub-Saharan Africa,Western Africa,2,202,11
Libya,Flag_of_Libya.svg,https://www.worldometers.info//img/flags/small/tn_li-flag.gif,LY,LBY,434,ISO 3166-2:LY,Africa,Northern Africa,,2,15,
Liechtenstein,Flag_of_Liechtenstein.svg,https://www.worldometers.info//img/flags/small/tn_ly-flag.gif,LI,LIE,438,ISO 3166-2:LI,Europe,Western Europe,,150,155,
Lithuania,Flag_of_Lithuania.svg,https://www.worldometers.info//img/flags/small/tn_ls-flag.gif,LT,LTU,440,ISO 3166-2:LT,Europe,Northern Europe,,150,154,
Luxembourg,Flag_of_Luxembourg.svg,https://www.worldometers.info//img/flags/small/tn_lh-flag.gif,LU,LUX,442,ISO 3166-2:LU,Europe,Western Europe,,150,155,
Macedonia,Flag_of_Macedonia.svg,https://www.worldometers.info//img/flags/small/tn_lu-flag.gif,MK,MKD,807,ISO 3166-2:MK,Europe,Southern Europe,,150,39,
Madagascar,Flag_of_Madagascar.svg,https://www.worldometers.info//img/flags/small/tn_ma-flag.gif,MG,MDG,450,ISO 3166-2:MG,Africa,Sub-Saharan Africa,Eastern Africa,2,202,14
Malawi,Flag_of_Malawi.svg,https://www.worldometers.info//img/flags/small/tn_mi-flag.gif,MW,MWI,454,ISO 3166-2:MW,Africa,Sub-Saharan Africa,Eastern Africa,2,202,14
Malaysia,Flag_of_Malaysia.svg,https://www.worldometers.info//img/flags/small/tn_my-flag.gif,MY,MYS,458,ISO 3166-2:MY,Asia,South-eastern Asia,,142,35,
Maldives,Flag_of_Maldives.svg,https://www.worldometers.info//img/flags/small/tn_mv-flag.gif,MV,MDV,462,ISO 3166-2:MV,Asia,Southern Asia,,142,34,
Mali,Flag_of_Mali.svg,https://www.worldometers.info//img/flags/small/tn_ml-flag.gif,ML,MLI,466,ISO 3166-2:ML,Africa,Sub-Saharan Africa,Western Africa,2,202,11
Malta,Flag_of_Malta.svg,https://www.worldometers.info//img/flags/small/tn_mt-flag.gif,MT,MLT,470,ISO 3166-2:MT,Europe,Southern Europe,,150,39,
Marshall Islands,Flag_of_the_Marshall_Islands.svg,https://www.worldometers.info//img/flags/small/tn_rm-flag.gif,MH,MHL,584,ISO 3166-2:MH,Oceania,Micronesia,,9,57,
Mauritania,Flag_of_Mauritania.svg,https://www.worldometers.info//img/flags/small/tn_mr-flag.gif,MR,MRT,478,ISO 3166-2:MR,Africa,Sub-Saharan Africa,Western Africa,2,202,11
Mauritius,Flag_of_Mauritius.svg,https://www.worldometers.info//img/flags/small/tn_mp-flag.gif,MU,MUS,480,ISO 3166-2:MU,Africa,Sub-Saharan Africa,Eastern Africa,2,202,14
Mexico,Flag_of_Mexico.svg,https://www.worldometers.info//img/flags/small/tn_mx-flag.gif,MX,MEX,484,ISO 3166-2:MX,Americas,Latin America and the Caribbean,Central America,19,419,13
Federated States of Micronesia,Flag_of_the_Federated_States_of_Micronesia.svg,https://www.worldometers.info//img/flags/small/tn_fm-flag.gif,,,,,,,,,,
Moldova,Flag_of_Moldova.svg,https://www.worldometers.info//img/flags/small/tn_md-flag.gif,MD,MDA,498,ISO 3166-2:MD,Europe,Eastern Europe,,150,151,
Monaco,Flag_of_Monaco.svg,https://www.worldometers.info//img/flags/small/tn_mn-flag.gif,MC,MCO,492,ISO 3166-2:MC,Europe,Western Europe,,150,155,
Mongolia,Flag_of_Mongolia.svg,https://www.worldometers.info//img/flags/small/tn_mg-flag.gif,MN,MNG,496,ISO 3166-2:MN,Asia,Eastern Asia,,142,30,
Montenegro,Flag_of_Montenegro.svg,https://www.worldometers.info//img/flags/small/tn_mj-flag.gif,ME,MNE,499,ISO 3166-2:ME,Europe,Southern Europe,,150,39,
Morocco,Flag_of_Morocco.svg,https://www.worldometers.info//img/flags/small/tn_mo-flag.gif,MA,MAR,504,ISO 3166-2:MA,Africa,Northern Africa,,2,15,
Mozambique,Flag_of_Mozambique.svg,https://www.worldometers.info//img/flags/small/tn_mz-flag.gif,MZ,MOZ,508,ISO 3166-2:MZ,Africa,Sub-Saharan Africa,Eastern Africa,2,202,14
Myanmar,Flag_of_Myanmar.svg,https://www.worldometers.info//img/flags/small/tn_bm-flag.gif,MM,MMR,104,ISO 3166-2:MM,Asia,South-eastern Asia,,142,35,
Namibia,Flag_of_Namibia.svg,https://www.worldometers.info//img/flags/small/tn_wa-flag.gif,,NAM,516,ISO 3166-2:NA,Africa,Sub-Saharan Africa,Southern Africa,2,202,18
Nauru,Flag_of_Nauru.svg,https://www.worldometers.info//img/flags/small/tn_nr-flag.gif,NR,NRU,520,ISO 3166-2:NR,Oceania,Micronesia,,9,57,
Nepal,Flag_of_Nepal.svg,https://www.worldometers.info//img/flags/small/tn_np-flag.gif,NP,NPL,524,ISO 3166-2:NP,Asia,Southern Asia,,142,34,
Netherlands,Flag_of_the_Netherlands.svg,https://www.worldometers.info//img/flags/small/tn_nl-flag.gif,NL,NLD,528,ISO 3166-2:NL,Europe,Western Europe,,150,155,
New Zealand,Flag_of_New_Zealand.svg,https://www.worldometers.info//img/flags/small/tn_nz-flag.gif,NZ,NZL,554,ISO 3166-2:NZ,Oceania,Australia and New Zealand,,9,53,
Nicaragua,Flag_of_Nicaragua.svg,https://www.worldometers.info//img/flags/small/tn_nu-flag.gif,NI,NIC,558,ISO 3166-2:NI,Americas,Latin America and the Caribbean,Central America,19,419,13
Niger,Flag_of_Niger.svg,https://www.worldometers.info//img/flags/small/tn_ng-flag.gif,NE,NER,562,ISO 3166-2:NE,Africa,Sub-Saharan Africa,Western Africa,2,202,11
Nigeria,Flag_of_Nigeria.svg,https://www.worldometers.info//img/flags/small/tn_ni-flag.gif,NG,NGA,566,ISO 3166-2:NG,Africa,Sub-Saharan Africa,Western Africa,2,202,11
Norway,Flag_of_Norway.svg,https://www.worldometers.info//img/flags/small/tn_no-flag.gif,NO,NOR,578,ISO 3166-2:NO,Europe,Northern Europe,,150,154,
Oman,Flag_of_Oman.svg,https://www.worldometers.info//img/flags/small/tn_mu-flag.gif,OM,OMN,512,ISO 3166-2:OM,Asia,Western Asia,,142,145,
Pakistan,Flag_of_Pakistan.svg,https://www.worldometers.info//img/flags/small/tn_pk-flag.gif,PK,PAK,92,ISO 3166-2:PK,Asia,Southern Asia,,142,34,
Palau,Flag_of_Palau.svg,https://www.worldometers.info//img/flags/small/tn_ps-flag.gif,PW,PLW,585,ISO 3166-2:PW,Oceania,Micronesia,,9,57,
Palestine,Flag_of_Palestine.svg,https://www.worldometers.info//img/flags/small/tn_palestine-flag.gif,,,,,,,,,,
Panama,Flag_of_Panama.svg,https://www.worldometers.info//img/flags/small/tn_pm-flag.gif,PA,PAN,591,ISO 3166-2:PA,Americas,Latin America and the Caribbean,Central America,19,419,13
Papua New Guinea,Flag_of_Papua_New_Guinea.svg,https://www.worldometers.info//img/flags/small/tn_pp-flag.gif,PG,PNG,598,ISO 3166-2:PG,Oceania,Melanesia,,9,54,
Paraguay,Flag_of_Paraguay.svg,https://www.worldometers.info//img/flags/small/tn_pa-flag.gif,PY,PRY,600,ISO 3166-2:PY,Americas,Latin America and the Caribbean,South America,19,419,5
Peru,Flag_of_Peru.svg,https://www.worldometers.info//img/flags/small/tn_pe-flag.gif,PE,PER,604,ISO 3166-2:PE,Americas,Latin America and the Caribbean,South America,19,419,5
Philippines,Flag_of_the_Philippines.svg,https://www.worldometers.info//img/flags/small/tn_rp-flag.gif,PH,PHL,608,ISO 3166-2:PH,Asia,South-eastern Asia,,142,35,
Poland,Flag_of_Poland.svg,https://www.worldometers.info//img/flags/small/tn_pl-flag.gif,PL,POL,616,ISO 3166-2:PL,Europe,Eastern Europe,,150,151,
Portugal,Flag_of_Portugal.svg,https://www.worldometers.info//img/flags/small/tn_po-flag.gif,PT,PRT,620,ISO 3166-2:PT,Europe,Southern Europe,,150,39,
Qatar,Flag_of_Qatar.svg,https://www.worldometers.info//img/flags/small/tn_qa-flag.gif,QA,QAT,634,ISO 3166-2:QA,Asia,Western Asia,,142,145,
Romania,Flag_of_Romania.svg,https://www.worldometers.info//img/flags/small/tn_mk-flag.gif,RO,ROU,642,ISO 3166-2:RO,Europe,Eastern Europe,,150,151,
Russia,Flag_of_Russia.svg,https://www.worldometers.info//img/flags/small/tn_ro-flag.gif,RU,RUS,643,ISO 3166-2:RU,Europe,Eastern Europe,,150,151,
Rwanda,Flag_of_Rwanda.svg,https://www.worldometers.info//img/flags/small/tn_rs-flag.gif,RW,RWA,646,ISO 3166-2:RW,Africa,Sub-Saharan Africa,Eastern Africa,2,202,14
Saint Kitts and Nevis,Flag_of_Saint_Kitts_and_Nevis.svg,https://www.worldometers.info//img/flags/small/tn_rw-flag.gif,KN,KNA,659,ISO 3166-2:KN,Americas,Latin America and the Caribbean,Caribbean,19,419,29
Saint Lucia,Flag_of_Saint_Lucia.svg,https://www.worldometers.info//img/flags/small/tn_sc-flag.gif,LC,LCA,662,ISO 3166-2:LC,Americas,Latin America and the Caribbean,Caribbean,19,419,29
Saint Vincent and Grenadines,Flag_of_Saint_Vincent_and_the_Grenadines.svg,https://www.worldometers.info//img/flags/small/tn_st-flag.gif,,,,,,,,,,
Samoa,Flag_of_Samoa.svg,https://www.worldometers.info//img/flags/small/tn_vc-flag.gif,WS,WSM,882,ISO 3166-2:WS,Oceania,Polynesia,,9,61,
San Marino,Flag_of_San_Marino.svg,https://www.worldometers.info//img/flags/small/tn_ws-flag.gif,SM,SMR,674,ISO 3166-2:SM,Europe,Southern Europe,,150,39,
Sao Tome and Principe,Flag_of_Sao_Tome_and_Principe.svg,https://www.worldometers.info//img/flags/small/tn_sm-flag.gif,ST,STP,678,ISO 3166-2:ST,Africa,Sub-Saharan Africa,Middle Africa,2,202,17
Saudi Arabia,Flag_of_Saudi_Arabia.svg,https://www.worldometers.info//img/flags/small/tn_tp-flag.gif,SA,SAU,682,ISO 3166-2:SA,Asia,Western Asia,,142,145,
Senegal,Flag_of_Senegal.svg,https://www.worldometers.info//img/flags/small/tn_sa-flag.gif,SN,SEN,686,ISO 3166-2:SN,Africa,Sub-Saharan Africa,Western Africa,2,202,11
Serbia,Flag_of_Serbia.svg,https://www.worldometers.info//img/flags/small/tn_sg-flag.gif,RS,SRB,688,ISO 3166-2:RS,Europe,Southern Europe,,150,39,
Seychelles,Flag_of_Seychelles.svg,https://www.worldometers.info//img/flags/small/tn_ri-flag.gif,SC,SYC,690,ISO 3166-2:SC,Africa,Sub-Saharan Africa,Eastern Africa,2,202,14
Sierra Leone,Flag_of_Sierra_Leone.svg,https://www.worldometers.info//img/flags/small/tn_se-flag.gif,SL,SLE,694,ISO 3166-2:SL,Africa,Sub-Saharan Africa,Western Africa,2,202,11
Singapore,Flag_of_Singapore.svg,https://www.worldometers.info//img/flags/small/tn_sl-flag.gif,SG,SGP,702,ISO 3166-2:SG,Asia,South-eastern Asia,,142,35,
Slovakia,Flag_of_Slovakia.svg,https://www.worldometers.info//img/flags/small/tn_sn-flag.gif,SK,SVK,703,ISO 3166-2:SK,Europe,Eastern Europe,,150,151,
Slovenia,Flag_of_Slovenia.svg,https://www.worldometers.info//img/flags/small/tn_lo-flag.gif,SI,SVN,705,ISO 3166-2:SI,Europe,Southern Europe,,150,39,
Solomon Islands,Flag_of_the_Solomon_Islands.svg,https://www.worldometers.info//img/flags/small/tn_si-flag.gif,SB,SLB,90,ISO 3166-2:SB,Oceania,Melanesia,,9,54,
Somalia,Flag_of_Somalia.svg,https://www.worldometers.info//img/flags/small/tn_bp-flag.gif,SO,SOM,706,ISO 3166-2:SO,Africa,Sub-Saharan Africa,Eastern Africa,2,202,14
South Africa,Flag_of_South_Africa.svg,https://www.worldometers.info//img/flags/small/tn_so-flag.gif,ZA,ZAF,710,ISO 3166-2:ZA,Africa,Sub-Saharan Africa,Southern Africa,2,202,18
South Sudan,Flag_of_South_Sudan.svg,https://www.worldometers.info//img/flags/small/tn_sf-flag.gif,SS,SSD,728,ISO 3166-2:SS,Africa,Sub-Saharan Africa,Eastern Africa,2,202,14
Spain,Flag_of_Spain.svg,https://www.worldometers.info//img/flags/small/tn_od-flag.gif,ES,ESP,724,ISO 3166-2:ES,Europe,Southern Europe,,150,39,
Sri Lanka,Flag_of_Sri_Lanka.svg,https://www.worldometers.info//img/flags/small/tn_sp-flag.gif,LK,LKA,144,ISO 3166-2:LK,Asia,Southern Asia,,142,34,
Sudan,Flag_of_Sudan.svg,https://www.worldometers.info//img/flags/small/tn_ce-flag.gif,SD,SDN,729,ISO 3166-2:SD,Africa,Northern Africa,,2,15,
Suriname,Flag_of_Suriname.svg,https://www.worldometers.info//img/flags/small/tn_su-flag.gif,SR,SUR,740,ISO 3166-2:SR,Americas,Latin America and the Caribbean,South America,19,419,5
Swaziland,Flag_of_Swaziland.svg,https://www.worldometers.info//img/flags/small/tn_ns-flag.gif,,,,,,,,,,
Sweden,Flag_of_Sweden.svg,https://www.worldometers.info//img/flags/small/tn_sw-flag.gif,SE,SWE,752,ISO 3166-2:SE,Europe,Northern Europe,,150,154,
Switzerland,Flag_of_Switzerland_%28Pantone%29.svg,https://www.worldometers.info//img/flags/small/tn_sz-flag.gif,CH,CHE,756,ISO 3166-2:CH,Europe,Western Europe,,150,155,
Syria,Flag_of_Syria.svg,https://www.worldometers.info//img/flags/small/tn_sy-flag.gif,SY,SYR,760,ISO 3166-2:SY,Asia,Western Asia,,142,145,
Tajikistan,Flag_of_Tajikistan.svg,https://www.worldometers.info//img/flags/small/tn_ti-flag.gif,TJ,TJK,762,ISO 3166-2:TJ,Asia,Central Asia,,142,143,
Tanzania,Flag_of_Tanzania.svg,https://www.worldometers.info//img/flags/small/tn_tz-flag.gif,TZ,TZA,834,ISO 3166-2:TZ,Africa,Sub-Saharan Africa,Eastern Africa,2,202,14
Thailand,Flag_of_Thailand.svg,https://www.worldometers.info//img/flags/small/tn_th-flag.gif,TH,THA,764,ISO 3166-2:TH,Asia,South-eastern Asia,,142,35,
Togo,Flag_of_Togo.svg,https://www.worldometers.info//img/flags/small/tn_tt-flag.gif,TG,TGO,768,ISO 3166-2:TG,Africa,Sub-Saharan Africa,Western Africa,2,202,11
Tonga,Flag_of_Tonga.svg,https://www.worldometers.info//img/flags/small/tn_to-flag.gif,TO,TON,776,ISO 3166-2:TO,Oceania,Polynesia,,9,61,
Trinidad and Tobago,Flag_of_Trinidad_and_Tobago.svg,https://www.worldometers.info//img/flags/small/tn_tn-flag.gif,TT,TTO,780,ISO 3166-2:TT,Americas,Latin America and the Caribbean,Caribbean,19,419,29
Tunisia,Flag_of_Tunisia.svg,https://www.worldometers.info//img/flags/small/tn_td-flag.gif,TN,TUN,788,ISO 3166-2:TN,Africa,Northern Africa,,2,15,
Turkey,Flag_of_Turkey.svg,https://www.worldometers.info//img/flags/small/tn_ts-flag.gif,TR,TUR,792,ISO 3166-2:TR,Asia,Western Asia,,142,145,
Turkmenistan,Flag_of_Turkmenistan.svg,https://www.worldometers.info//img/flags/small/tn_tu-flag.gif,TM,TKM,795,ISO 3166-2:TM,Asia,Central Asia,,142,143,
Tuvalu,Flag_of_Tuvalu.svg,https://www.worldometers.info//img/flags/small/tn_tx-flag.gif,TV,TUV,798,ISO 3166-2:TV,Oceania,Polynesia,,9,61,
Uganda,Flag_of_Uganda.svg,https://www.worldometers.info//img/flags/small/tn_tv-flag.gif,UG,UGA,800,ISO 3166-2:UG,Africa,Sub-Saharan Africa,Eastern Africa,2,202,14
Ukraine,Flag_of_Ukraine.svg,https://www.worldometers.info//img/flags/small/tn_ug-flag.gif,UA,UKR,804,ISO 3166-2:UA,Europe,Eastern Europe,,150,151,
United Arab Emirates,Flag_of_the_United_Arab_Emirates.svg,https://www.worldometers.info//img/flags/small/tn_up-flag.gif,AE,ARE,784,ISO 3166-2:AE,Asia,Western Asia,,142,145,
United Kingdom,Flag_of_the_United_Kingdom.svg,https://www.worldometers.info//img/flags/small/tn_ae-flag.gif,GB,GBR,826,ISO 3166-2:GB,Europe,Northern Europe,,150,154,
United States,Flag_of_the_United_States.svg,https://www.worldometers.info//img/flags/small/tn_uk-flag.gif,US,USA,840,ISO 3166-2:US,Americas,Northern America,,19,21,
Uruguay,Flag_of_Uruguay.svg,https://www.worldometers.info//img/flags/small/tn_us-flag.gif,UY,URY,858,ISO 3166-2:UY,Americas,Latin America and the Caribbean,South America,19,419,5
Uzbekistan,Flag_of_Uzbekistan.svg,https://www.worldometers.info//img/flags/small/tn_uy-flag.gif,UZ,UZB,860,ISO 3166-2:UZ,Asia,Central Asia,,142,143,
Vanuatu,Flag_of_Vanuatu.svg,https://www.worldometers.info//img/flags/small/tn_uz-flag.gif,VU,VUT,548,ISO 3166-2:VU,Oceania,Melanesia,,9,54,
Vatican City,Flag_of_the_Vatican_City.svg,https://www.worldometers.info//img/flags/small/tn_nh-flag.gif,,,,,,,,,,
Venezuela,Flag_of_Venezuela.svg,https://www.worldometers.info//img/flags/small/tn_ve-flag.gif,VE,VEN,862,ISO 3166-2:VE,Americas,Latin America and the Caribbean,South America,19,419,5
Vietnam,Flag_of_Vietnam.svg,https://www.worldometers.info//img/flags/small/tn_vm-flag.gif,VN,VNM,704,ISO 3166-2:VN,Asia,South-eastern Asia,,142,35,
Yemen,Flag_of_Yemen.svg,https://www.worldometers.info//img/flags/small/tn_ym-flag.gif,YE,YEM,887,ISO 3166-2:YE,Asia,Western Asia,,142,145,
Zambia,Flag_of_Zambia.svg,https://www.worldometers.info//img/flags/small/tn_za-flag.gif,ZM,ZMB,894,ISO 3166-2:ZM,Africa,Sub-Saharan Africa,Eastern Africa,2,202,14
Zimbabwe,Flag_of_Zimbabwe.svg,https://www.worldometers.info//img/flags/small/tn_zi-flag.gif,ZW,ZWE,716,ISO 3166-2:ZW,Africa,Sub-Saharan Africa,Eastern Africa,2,202,14
Abkhazia,Flag_of_Abkhazia.svg,https://upload.wikimedia.org/wikipedia/commons/2/27/Flag_of_Abkhazia.svg,,,,,,,,,,
Artsakh,Flag_of_Artsakh.svg,https://upload.wikimedia.org/wikipedia/commons/3/3d/Flag_of_Artsakh.svg,,,,,,,,,,
Cook Islands,Flag_of_the_Cook_Islands.svg,https://upload.wikimedia.org/wikipedia/commons/3/35/Flag_of_the_Cook_Islands.svg,CK,COK,184,ISO 3166-2:CK,Oceania,Polynesia,,9,61,
Kosovo,Flag_of_Kosovo.svg,https://upload.wikimedia.org/wikipedia/commons/1/1f/Flag_of_Kosovo.svg,,,,,,,,,,
Niue,Flag_of_Niue.svg,https://upload.wikimedia.org/wikipedia/commons/0/01/Flag_of_Niue.svg,NU,NIU,570,ISO 3166-2:NU,Oceania,Polynesia,,9,61,
Turkish Republic of Northern Cyprus,Flag_of_the_Turkish_Republic_of_Northern_Cyprus.svg,https://upload.wikimedia.org/wikipedia/commons/1/1e/Flag_of_the_Turkish_Republic_of_Northern_Cyprus.svg,,,,,,,,,,
Sahrawi Arab Democratic Republic,Flag_of_the_Sahrawi_Arab_Democratic_Republic.svg,https://upload.wikimedia.org/wikipedia/commons/2/26/Flag_of_the_Sahrawi_Arab_Democratic_Republic.svg,,,,,,,,,,
Somaliland,Flag_of_Somaliland.svg,https://upload.wikimedia.org/wikipedia/commons/4/4d/Flag_of_Somaliland.svg,,,,,,,,,,
South Ossetia,Flag_of_South_Ossetia.svg,https://upload.wikimedia.org/wikipedia/commons/1/12/Flag_of_South_Ossetia.svg,,,,,,,,,,
Republic of China,Flag_of_the_Republic_of_China.svg,https://upload.wikimedia.org/wikipedia/commons/7/72/Flag_of_the_Republic_of_China.svg,,,,,,,,,,
Transnistria,Flag_of_Transnistria_%28state%29.svg,https://upload.wikimedia.org/wikipedia/commons/b/bc/Flag_of_Transnistria_%28state%29.svg,,,,,,,,,,
Åland Islands,,,AX,ALA,248,ISO 3166-2:AX,Europe,Northern Europe,,150,154,
American Samoa,,,AS,ASM,16,ISO 3166-2:AS,Oceania,Polynesia,,9,61,
Anguilla,,https://upload.wikimedia.org/wikipedia/commons/b/b4/Flag_of_Anguilla.svg,AI,AIA,660,ISO 3166-2:AI,Americas,Latin America and the Caribbean,Caribbean,19,419,29
Antarctica,,,AQ,ATA,10,ISO 3166-2:AQ,,,,,,
Aruba,,,AW,ABW,533,ISO 3166-2:AW,Americas,Latin America and the Caribbean,Caribbean,19,419,29
Bermuda,,https://upload.wikimedia.org/wikipedia/commons/b/bf/Flag_of_Bermuda.svg,BM,BMU,60,ISO 3166-2:BM,Americas,Northern America,,19,21,
"Bonaire, Sint Eustatius and Saba",,,BQ,BES,535,ISO 3166-2:BQ,Americas,Latin America and the Caribbean,Caribbean,19,419,29
Bosnia And Herzegovina,,,BA,BIH,70,ISO 3166-2:BA,Europe,Southern Europe,,150,39,
Bouvet Island,,,BV,BVT,74,ISO 3166-2:BV,Americas,Latin America and the Caribbean,South America,19,419,5
British Indian Ocean Territory,,,IO,IOT,86,ISO 3166-2:IO,Africa,Sub-Saharan Africa,Eastern Africa,2,202,14
Brunei Darussalam,,,BN,BRN,96,ISO 3166-2:BN,Asia,South-eastern Asia,,142,35,
Cabo Verde,,,CV,CPV,132,ISO 3166-2:CV,Africa,Sub-Saharan Africa,Western Africa,2,202,11
Cayman Islands,,https://upload.wikimedia.org/wikipedia/commons/0/0f/Flag_of_the_Cayman_Islands.svg,KY,CYM,136,ISO 3166-2:KY,Americas,Latin America and the Caribbean,Caribbean,19,419,29
Christmas Island,,,CX,CXR,162,ISO 3166-2:CX,Oceania,Australia and New Zealand,,9,53,
Cocos (Keeling) Islands,,,CC,CCK,166,ISO 3166-2:CC,Oceania,Australia and New Zealand,,9,53,
Congo,,,CG,COG,178,ISO 3166-2:CG,Africa,Sub-Saharan Africa,Middle Africa,2,202,17
Congo (Democratic Republic Of The),,,CD,COD,180,ISO 3166-2:CD,Africa,Sub-Saharan Africa,Middle Africa,2,202,17
Côte D'Ivoire,,,CI,CIV,384,ISO 3166-2:CI,Africa,Sub-Saharan Africa,Western Africa,2,202,11
Curaçao,,,CW,CUW,531,ISO 3166-2:CW,Americas,Latin America and the Caribbean,Caribbean,19,419,29
Eswatini,,,SZ,SWZ,748,ISO 3166-2:SZ,Africa,Sub-Saharan Africa,Southern Africa,2,202,18
Falkland Islands (Malvinas),,https://upload.wikimedia.org/wikipedia/commons/8/83/Flag_of_the_Falkland_Islands.svg,FK,FLK,238,ISO 3166-2:FK,Americas,Latin America and the Caribbean,South America,19,419,5
Faroe Islands,,,FO,FRO,234,ISO 3166-2:FO,Europe,Northern Europe,,150,154,
French Guiana,,,GF,GUF,254,ISO 3166-2:GF,Americas,Latin America and the Caribbean,South America,19,419,5
French Polynesia,,,PF,PYF,258,ISO 3166-2:PF,Oceania,Polynesia,,9,61,
French Southern Territories,,,TF,ATF,260,ISO 3166-2:TF,Africa,Sub-Saharan Africa,Eastern Africa,2,202,14
Gambia,,,GM,GMB,270,ISO 3166-2:GM,Africa,Sub-Saharan Africa,Western Africa,2,202,11
Gibraltar,,https://upload.wikimedia.org/wikipedia/commons/thumb/0/02/Flag_of_Gibraltar.svg/320px-Flag_of_Gibraltar.svg.png,GI,GIB,292,ISO 3166-2:GI,Europe,Southern Europe,,150,39,
Greenland,,,GL,GRL,304,ISO 3166-2:GL,Americas,Northern America,,19,21,
Guadeloupe,,,GP,GLP,312,ISO 3166-2:GP,Americas,Latin America and the Caribbean,Caribbean,19,419,29
Guam,,,GU,GUM,316,ISO 3166-2:GU,Oceania,Micronesia,,9,57,
Guernsey,,,GG,GGY,831,ISO 3166-2:GG,Europe,Northern Europe,Channel Islands,150,154,830
Guinea Bissau,,,GW,GNB,624,ISO 3166-2:GW,Africa,Sub-Saharan Africa,Western Africa,2,202,11
Heard Island and McDonald Islands,,,HM,HMD,334,ISO 3166-2:HM,Oceania,Australia and New Zealand,,9,53,
Holy See,,,VA,VAT,336,ISO 3166-2:VA,Europe,Southern Europe,,150,39,
Hong Kong,,,HK,HKG,344,ISO 3166-2:HK,Asia,Eastern Asia,,142,30,
Isle of Man,,https://upload.wikimedia.org/wikipedia/commons/b/bc/Flag_of_the_Isle_of_Man.svg,IM,IMN,833,ISO 3166-2:IM,Europe,Northern Europe,,150,154,
Jersey,,https://upload.wikimedia.org/wikipedia/commons/1/1c/Flag_of_Jersey.svg,JE,JEY,832,ISO 3166-2:JE,Europe,Northern Europe,Channel Islands,150,154,830
"Korea, Republic of",,,KR,KOR,410,ISO 3166-2:KR,Asia,Eastern Asia,,142,30,
Macao,,,MO,MAC,446,ISO 3166-2:MO,Asia,Eastern Asia,,142,30,
Martinique,,,MQ,MTQ,474,ISO 3166-2:MQ,Americas,Latin America and the Caribbean,Caribbean,19,419,29
Mayotte,,,YT,MYT,175,ISO 3166-2:YT,Africa,Sub-Saharan Africa,Eastern Africa,2,202,14
Micronesia (Federated States of),,,FM,FSM,583,ISO 3166-2:FM,Oceania,Micronesia,,9,57,
Montserrat,,,MS,MSR,500,ISO 3166-2:MS,Americas,Latin America and the Caribbean,Caribbean,19,419,29
New Caledonia,,,NC,NCL,540,ISO 3166-2:NC,Oceania,Melanesia,,9,54,
Norfolk Island,,,NF,NFK,574,ISO 3166-2:NF,Oceania,Australia and New Zealand,,9,53,
Northern Mariana Islands,,,MP,MNP,580,ISO 3166-2:MP,Oceania,Micronesia,,9,57,
"Palestine, State of",,,PS,PSE,275,ISO 3166-2:PS,Asia,Western Asia,,142,145,
Pitcairn,,,PN,PCN,612,ISO 3166-2:PN,Oceania,Polynesia,,9,61,
Puerto Rico,,,PR,PRI,630,ISO 3166-2:PR,Americas,Latin America and the Caribbean,Caribbean,19,419,29
Réunion,,,RE,REU,638,ISO 3166-2:RE,Africa,Sub-Saharan Africa,Eastern Africa,2,202,14
Saint Barthélemy,,,BL,BLM,652,ISO 3166-2:BL,Americas,Latin America and the Caribbean,Caribbean,19,419,29
"Saint Helena, Ascension and Tristan da Cunha",,https://upload.wikimedia.org/wikipedia/commons/0/00/Flag_of_Saint_Helena.svg,SH,SHN,654,ISO 3166-2:SH,Africa,Sub-Saharan Africa,Western Africa,2,202,11
Saint Martin (French part),,,MF,MAF,663,ISO 3166-2:MF,Americas,Latin America and the Caribbean,Caribbean,19,419,29
Saint Pierre and Miquelon,,,PM,SPM,666,ISO 3166-2:PM,Americas,Northern America,,19,21,
Saint Vincent and the Grenadines,,,VC,VCT,670,ISO 3166-2:VC,Americas,Latin America and the Caribbean,Caribbean,19,419,29
Sint Maarten (Dutch part),,,SX,SXM,534,ISO 3166-2:SX,Americas,Latin America and the Caribbean,Caribbean,19,419,29
South Georgia and the South Sandwich Islands,,,GS,SGS,239,ISO 3166-2:GS,Americas,Latin America and the Caribbean,South America,19,419,5
Svalbard and Jan Mayen,,,SJ,SJM,744,ISO 3166-2:SJ,Europe,Northern Europe,,150,154,
Taiwan,,,TW,TWN,158,ISO 3166-2:TW,Asia,Eastern Asia,,142,30,
Timor-Leste,,,TL,TLS,626,ISO 3166-2:TL,Asia,South-eastern Asia,,142,35,
Tokelau,,,TK,TKL,772,ISO 3166-2:TK,Oceania,Polynesia,,9,61,
Turks and Caicos Islands,,,TC,TCA,796,ISO 3166-2:TC,Americas,Latin America and the Caribbean,Caribbean,19,419,29
United States Minor Outlying Islands,,,UM,UMI,581,ISO 3166-2:UM,Oceania,Micronesia,,9,57,
Virgin Islands (British),,,VG,VGB,92,ISO 3166-2:VG,Americas,Latin America and the Caribbean,Caribbean,19,419,29
Virgin Islands (U.S.),,,VI,VIR,850,ISO 3166-2:VI,Americas,Latin America and the Caribbean,Caribbean,19,419,29
Wallis and Futuna,,,WF,WLF,876,ISO 3166-2:WF,Oceania,Polynesia,,9,61,
Western Sahara,,,EH,ESH,732,ISO 3166-2:EH,Africa,Northern Africa,,2,15,
